{"BVS": [0.712890625, 0.712890625, 0.8203125], "BVSE": [0.361328125, 0.361328125, 0.390625], "BVEL": [0.7421875, 0.7421875, 0.80078125], "a_RLFS": 0.5665063487108177, "b_RLFS": 0.5665063487108177, "c_RLFS": 0.5085744883024146}