{"BVS": [0.60546875, 0.732421875, 0.849609375], "BVSE": [0.322265625, 0.361328125, 0.390625], "BVEL": [0.68359375, 0.751953125, 0.810546875], "a_RLFS": 0.5867830037928552, "b_RLFS": 0.5413152835297368, "c_RLFS": 0.5062432197258973}